,제목,작성자,등록일,좋아요수
0,[사주질문]신년 운세 궁금합니다,바라미,2026.02.04.,0
1,[사주질문]무료사중요청 1년째집이 안팔려요,띠띠빵빵재,2026.02.03.,0
2,[사주질문]키우기 힘든 아이 사주 너무 궁금합니다..,W430716,2026.02.02.,0
3,[사주질문]2028년에 대학합격운이 있을까요?,김태연,2026.02.02.,0
4,[사주질문]출산택일 선택 부탁드려요,감명,2026.02.02.,0
5,올해 어떤가요?,dlwls80,2026.02.01.,0
6,재다신약 무관사주 남자는 사주적으로 어떻다고 보나요?,와수리 버스 터미널,2026.02.01.,0
7,답답합니다..,Martina,2026.01.30.,0
8,[사주질문]결혼 할수있을까요,응가응,2026.01.26.,0
9,[사주질문]안녕하세요 선생님들(사주풀이),민쥬공화국,2026.01.26.,0
10,[사주질문]축시가 아니라 자시라고 하네요(사실 정확은 안해요. 22일에 낳을줄 알았는데 23일에 낳았다….),워플현,2026.01.24.,0
11,대운이 잘흐르는 사주인가요???,설모마리아,2026.01.22.,0
12,[사주질문]제가 잘 몰라서요,봄이 오는길,2026.01.22.,0
13,진짜 영험한 신점 선생님 만나고 싶어요,지니야로,2026.01.20.,0
14,외로움은 어떻게 해결해야 할까요,냥이냥이,2026.01.16.,0
15,사주 배우려면 뭐부터 해야하나요?,웃음공쥬,2026.01.10.,0
16,자녀 점사에..,이레네12295,2026.01.05.,0
17,[사주질문][무료사주질문 드립니다]합격할수있을까요?,행복jw,2025.12.31.,0
18,90년 음력 3월 5일생 아들 시험운좀 알수있을까요.,행복달,2025.12.31.,0
19,내년 직장운 궁금합니다..,망고잉,2025.12.29.,0
20,1인음식물처리기로 스트레스 없는 분리수거 경험기,눈꽃고래77,2025.12.29.,0
21,[타로질문]타로 결과는 계속 좋은데,꿀꿀벌,2025.12.26.,0
22,[사주질문]어떤 오행기운이 가장 강할까요?,김태연,2025.12.26.,0
23,이 남자 저 잊었나요,누뮤,2025.12.25.,0
24,금기운이 부족하다는데요~,이레네12295,2025.12.23.,0
25,사주랑 현실이랑 같나요?,복슬이,2025.12.23.,0
26,[사주질문]사주상 이사갔다가 같은집 돌아오나요?,진이루이,2025.12.21.,0
27,앞으로의 인생 흐름 봐주세요.(만세력 첨부),누뮤,2025.12.21.,0
28,[사주질문]이혼중입니다 앞으로 혼자살게 되나요?,나니나,2025.12.19.,0
29,[사주질문]대운흐름 분석드립니다,명리학도전,2025.12.17.,0
30,[사주질문]임신 사주 부탁드려요,보라돌이o,2025.12.16.,0
31,[사주질문]경찰입니다 승진운 부탁드립니다!,바다,2025.12.16.,0
32,"한국화가 김현정, 빈티지 같은 매력을 가진 작품들 소개합니다",라벤호랑37,2025.12.16.,0
33,이 정도의 재물/금전 사주 결과는 얼마정도가 적절할까요?,dobiAI,2025.12.16.,0
34,[기타질문]철학관을 다녀왔는데,Houzui,2025.12.15.,0
35,[사주질문]복음세운 겪어보신분 있나요?,명리학도전,2025.12.14.,0
36,[신점질문]어제 늦은시간에 점을 보고왔어요.,84행복둥이,2025.12.13.,0
37,[사주질문]제왕 출산택일 궁금합니다.,샛별124,2025.12.12.,1
38,이게 맞는걸까요?,림진퉥,2025.12.11.,0
39,전화사주,꿀꿀벌,2025.12.11.,0
40,이 사이트 만세력 잘 나타내는지 궁금합니다.,dobiAI,2025.12.11.,0
41,닭이 들어오는 시기,안녕하모니카,2025.12.10.,0
42,사주 서비스 개발을 했습니다. 한번만 테스트 부탁드립니다.,dobiAI,2025.12.09.,0
43,[사주질문]약대합격할수 있을까요?,행복jw,2025.12.07.,1
44,[타로질문]타로 보러 갈 때 어떻게 물어봐야 되나용?,산황나무,2025.12.04.,0
45,[사주질문]사는게 왜이렇게 힘이드는지,도꼬뿌리,2025.12.01.,0
46,아래 글에 이어서 사주 시간을 알지 못하면...,뿅뿅이닷,2025.11.28.,0
47,사주 시간,꿀꿀벌,2025.11.28.,0
48,[사주질문]작명에 용신은 딱히 중요하지 않은가요?,붕붕어빵,2025.11.26.,0
49,삼재,무지개나라잉,2025.11.25.,0
50,요새 넘 싱숭생숭해요..,무지개나라잉,2025.11.24.,1
51,재회 추천,꿀꿀벌,2025.11.24.,0
52,[사주질문]진로고민 조언부탁드립니다.,dlwls80,2025.11.23.,0
53,아이가 본인사주 공부하더니 할머니가 저주한다고 생각합니다...,여행가잡,2025.11.18.,0
54,이사를해야하는지 ..,냥이 바라보기,2025.11.18.,0
55,남편이 요즘 너무 무뚝뚝해서 답답해요ㅠ,재밌어하네,2025.11.18.,0
56,26수능에서 약대 합격할 수 있을까요?,행복ㅇ,2025.11.17.,1
57,[사주질문]진로고민 도와주세요ㅜ,iiiii,2025.11.16.,0
58,우울증 사주가 따로 있나요?,눈물모아,2025.11.14.,0
59,용신을 알수 있을까요???,설모마리아,2025.11.11.,1
60,[사주질문]저희 부부에게 아기가 언제 찾아올까요,봉황당,2025.11.11.,0
61,풀이해석해주실분,인생살이,2025.11.10.,0
62,[사주질문]돈개념이 없는사람은 사주에 금이없나요?,깍꿍짝짜기,2025.11.07.,0
63,전남친 꿈 꾸고 며칠을 불안햇는데… 상담받고 정리됫어요,서툰선인장,2025.11.07.,0
64,[기타질문]혹시,재회를바라,2025.11.06.,1
65,혹시 철학관 현업인사람 있나요?,흑룡거사,2025.11.06.,0
66,먹튀...,명성작명,2025.11.04.,0
67,[사주질문]남자 갑자 여자 무자입니다,사풀소,2025.11.02.,0
68,[고민상담]계속 만나도 될까요?,사랑합니다,2025.10.31.,0
69,[사주질문]다른나라에서 살면 좋을 사주인가요?,김태연,2025.10.30.,0
70,[사주질문]재물운 및 부부운 애정운 궁금해요,유또미,2025.10.29.,0
71,(임신중)이사택일이요,다ㄴ랑이,2025.10.28.,0
72,[사주질문]갑술일주여자 만만지않다는이유가,도리신박,2025.10.24.,0
73,[사주질문]올해 이동수 있을까요?,텀프티텀,2025.10.24.,0
74,"이번주 토,일 시험 운좀 봐주세요",하우미,2025.10.23.,0
75,[사주질문]지장간의 힘이 궁금합니다,김태연,2025.10.17.,0
76,태어난 시간이 0시0분이면 야자시로 쳐야되는건가요? 조자시로 쳐야되는건가요?,jeej,2025.10.17.,0
77,사주에 '이동운'이 있다면 실제로 이사나 직장 이동도 영향이 있나요?,misterygirl,2025.10.13.,0
78,[사주질문]사주 정인일주,뮤직큐,2025.10.13.,0
79,[사주질문]쟁재 남자가 그렇게 안 좋나요?,유이,2025.10.10.,0
80,[사주질문]아기 출산택일,소금잰이,2025.10.07.,0
81,[사주질문]직장운 궁금합니다..,미스틱스포츠,2025.10.05.,0
82,[사주질문]지금보다 높은곳으로 합격할수있을까요?,행복ㅇ,2025.10.04.,1
83,중년기 봐주세요,정석,2025.10.02.,0
84,내년에 편입 준비중인데 강원도 전라도 중에 어디로 가게될까요?,전주영한,2025.10.01.,0
85,[사주질문]불안장애남편 전근가게 되어 지역 질문입니다.,엘리스 맘,2025.09.29.,0
86,썸 타는 사람 속마음이요,못생긴상인,2025.09.29.,0
87,[사주질문]아기 출산택일 괜찮나요?,도노도노,2025.09.26.,0
88,일주에 대해 믿으세요?,류울,2025.09.26.,0
89,[사주질문]이사주는 식신생재와 상관생재가 같이 있는 사주인가요?,땡구엄마,2025.09.25.,0
90,재회운 상담 잘 보는 곳 있을까요,가난한영양,2025.09.24.,0
91,[타로질문]재혼 얘기만 나오면 겁나여ㅠ,김천김밥,2025.09.24.,0
92,사주공부책,메리루아,2025.09.23.,0
93,[기타질문]어떤 오행으로 개명할까요?,심야프리미엄버스,2025.09.22.,0
94,재혼 얘기 나오는데 불안불안ㅠ,뜨거운감자,2025.09.16.,0
95,[사주질문]사업운이궁금해요,고민해,2025.09.16.,0
96,목이 많은 사주는 어때요?,류울,2025.09.15.,0
97,제사주봐주세요,까꿍까까쿵,2025.09.12.,0
98,제사주에 불이 4개라는데요..,혀기후니,2025.09.12.,0
99,[사주질문]제 용신이 대체 뭔가요 ㅠㅠㅜ,Iiliiiiiill,2025.09.12.,0
100,[사주질문]아들 사주 좀 봐주세요,얼크,2025.09.11.,0
101,[타로질문]전화타로 믿을만한 곳 있나요?,가녀린고래,2025.09.11.,0
102,[기타질문]의사선생님께도 감사하다며 커피를드릴걸요ㅜㅜ,글래스고우,2025.09.10.,0
103,만세력은 어디서 받으시는 건가요?,그루트,2025.09.09.,0
104,이번년도 하반기..(무료 사주풀이 신청합니다),달하늘,2025.09.07.,0
105,만세력 時에 궁금질문드려요~~^^,명성작명,2025.09.02.,0
106,[고민상담]합격운,살째기,2025.09.01.,0
107,이사 고민,smile,2025.09.01.,0
108,직업 적성 알려주세요!,버어러크업,2025.08.31.,0
109,[사주질문]사신형이있는데요..ㅜㅜ,땡구엄마,2025.08.30.,1
110,[사주질문]저 이번달 8월에 사기당할운 있나요?,김태연,2025.08.29.,0
111,무료사주풀이 부탁드려요 ㅠ,자몽냠냠,2025.08.28.,0
112,전화 사이트에서 사주 잘 보시는 분^,향긋한커피향,2025.08.25.,1
113,[고민상담]제가 부모님이 빨리 돌아가시는 사주인가요..?,김태연,2025.08.25.,0
114,화가 고립된 사주인가요? 아니면 없는 사주인가요?,1Thing,2025.08.25.,0
115,시절인연..,송파사랑이맘,2025.08.23.,0
116,[사주질문]계수 일간 홍염 질문,양우혅,2025.08.22.,0
117,예지몽을 잘꿔요..,안녕하모니카,2025.08.21.,0
118,챗 지피티 괜찮은데요?,유자마들,2025.08.20.,0
119,저는 정화를 쓸 수 없는건가요?,심야프리미엄버스,2025.08.20.,0
120,[고민상담]대학합격운 있을까요?,김태연,2025.08.19.,0
121,이혼한 것도 사주에 나오나요?,토종비결,2025.08.18.,0
122,뒤쳐진 삶,1002번째장미,2025.08.17.,0
123,꿈해몽 할 줄 아시는 분,하나린,2025.08.15.,0
124,재다 남자랑 무관 여자,하늘아래햇살,2025.08.12.,0
125,[사주질문]26년 사주 부탁드립니다. 듣기에 양력6월생 12월생은 조심 해야 한다해서요,얼크,2025.08.12.,0
126,[신점질문]이 카페에서 신점 봐주시는 분,별똥별2738,2025.08.12.,1
127,돌싱도 연애 관련 사주 볼 수 있나요...?,Seulah,2025.08.11.,0
128,아... 챗 gpt 무료 사주 저의 첫 여친은 26년 아니면 27년에 생긴다고 하네요?,복슬이,2025.08.10.,0
129,[사주질문]정말 사주에서 연애운이 들어맞을까요,나이스ㅋㅋ,2025.08.10.,0
130,[고민상담]제발 저 좀 도와주세요..,김태연,2025.08.10.,0
131,[사주질문](완료)무료사주 한분만 볼께요!,영적,2025.08.10.,0
132,태어난 시요,별니미,2025.08.10.,1
133,[인생상담]사주부탁드립니다,오래오,2025.08.09.,0
134,챗 GPT 사주분석 믿을만한가요,심야프리미엄버스,2025.08.09.,0
135,사주가 궁금합니다,오옥z,2025.08.08.,0
136,남자친구가 갑자기 이상해졌어요,열정짬홍,2025.08.08.,0
137,배우자궁,코끼리는뿌뿌,2025.08.07.,0
138,"[사주질문]함지살,년살,목욕 차이가 무엇인가요?",김태연,2025.08.07.,1
139,[사주질문]허자론은 잘못된 명리지식인가요?,양우혅,2025.08.07.,0
140,[사주질문]신약사주인가요?,김태연,2025.08.06.,0
141,직장운 궁금해요,콩몽구리,2025.08.06.,0
142,장거리 연애 넘 지치네요ㅠㅠ,맹신하지말자,2025.08.04.,0
143,전체적인 사주랑 사업운좀 봐주세요,mini콩이,2025.08.03.,1
144,[사주질문]돈 잘벌 사주인가요?,김태연,2025.08.03.,1
145,[사주질문]제 아내 사주에대한질문입니다,마르케스,2025.08.02.,0
146,[사주질문]편관격 사주는 합격운이 있든없든 합격이 가능은 한건가요?,Odung66,2025.08.01.,0
147,[마감완료]오늘 10시 30분부터 12시까지 사주보실분?,영적,2025.07.31.,1
148,대학병원 간호사로 근무중인데 .. 고민 있어요,지금제주감귤,2025.07.31.,1
149,[사주질문]부서이동하는데 ...,설모마리아,2025.07.29.,0
150,[사주질문]합격할수있을까요?,행복ㅇ,2025.07.28.,1
151,[사주질문]지금 한분만 사주보실분?,영적,2025.07.26.,1
152,[사주질문]사주로 봤을때 바람기가 있는편인가요?,사주초보사린이,2025.07.26.,0
153,[사주질문]제 고민좀 들어주실수있나요..?,김태연,2025.07.26.,0
154,[사주질문]요즘 도화살 공부를 조금 하는데 도와주세요,김태연,2025.07.26.,0
155,[사주질문]도화살이 강하거나 좋게 작용하는 사주인가요?,김태연,2025.07.25.,0
156,[인생상담]쌉니다 천리마 마트 제목 드라마 //// 드라마 동영상 //// 2번째 제목 그래도 살만한 세상,검황 브레드 피트,2025.07.22.,0
157,제대운 어떤가요??,설모마리아,2025.07.22.,0
158,[사주질문]직업운좀 봐주세여ㅜㅜ,널스혀니,2025.07.21.,0
159,[사주질문]직장,smile,2025.07.21.,0
160,[사주질문]사주풀이,smile,2025.07.21.,1
161,사주를 보았는데 공말살관련 도움요청드립니다.,골든보이윤호,2025.07.21.,0
162,[고민상담]재회~,다온이,2025.07.20.,0
163,시험합격운이 없어도 합격할수있나요?,Odung66,2025.07.15.,1
164,나만의 글을 예쁘게 담을 공간을 드려요,llllllllI,2025.07.10.,0
165,직업 .사업운 풀이 부탁드립니다..!,수바리,2025.07.07.,1
166,[사주질문]결혼운이 적다는건~,현이야,2025.07.05.,1
167,"금나무 그림 액자, 어디서 사는 게 좋을까요?",지안이마더,2025.07.02.,0
168,신약인지 신강인지요,설모마리아,2025.07.01.,0
169,[사주질문]이사주 대운하고 직업 어떤쪽인지 궁금합니다. 또 이사주 용신이 뭔가요?,Egshk,2025.06.28.,0
170,[고민상담]이유 없이 계속 불안해요,유자마들,2025.06.26.,0
171,[고민상담]친구한테 말 못 할 고민,구르미,2025.06.25.,0
172,월주에 일공망이 있는데 이게 제대로 작동을 하는 건가요??,greenhyd,2025.06.24.,0
173,올해나 내년 취업운 문의드립니다.,감수니,2025.06.24.,0
174,2025부터 화의 기운이 강하게 들어온다는데,반짝반짝한,2025.06.24.,0
175,[사주질문]궁합 한 번 봐주십쇼🙇‍♀️🙇‍♂️,빵상아줌마,2025.06.22.,0
176,배우자운 같은 거 볼 수 있나요?,솔쏘리,2025.06.17.,1
177,[사주질문]마조작침 이 분,순이여요,2025.06.17.,0
178,[사주질문]고민이 너무 많습니다 어떤 직업이 어울릴까요,지2지,2025.06.16.,0
179,[사주질문]21살..살기가 너무 싫습니다. 조언 부탁드립니다,닌니닌니닌니니,2025.06.13.,2
180,[고민상담]너무 힘드네요,쩡님이,2025.06.13.,1
181,이사 방향도 타로로 보나요?,구르미,2025.06.13.,2
182,[사주질문]직업운 너무 고민입니다 고수님들..,뽀얘애비,2025.06.12.,0
183,[타로질문]타로로 연애운 보신 분 있나요?,콩몽구리,2025.06.12.,2
184,요즘 왜 이렇게 불안한지,별빛이,2025.06.12.,1
185,"학업운,성공운 사주풀이 신청합니다",에베베,2025.06.11.,0
186,[고민상담]맥이 끊어진 느낌,고무나무,2025.06.11.,0
187,[사주질문]수다자 사주인가요 화다자 사주인가요?,물뭉,2025.06.09.,1
188,[사주질문]저와 신랑 올해 사주 어떤지요,애국은LJM,2025.06.09.,1
189,[사주질문]저한테 도화살이 있나요?총체적으로 풀이해주시면 감사하겠습니다,에베베,2025.06.09.,1
190,[사주질문]저와 배우자 재물운 직업운 궁금합니다..,슬립,2025.06.08.,1
191,[사주질문]저 내년 대운바뀌는데 너무걱정되요,사주병아리,2025.06.08.,1
192,이혼까지 생각할 정도로 힘드네요;,토끼맘,2025.06.05.,1
193,[사주질문]어떤 직업을 해야 저한테 적성이 맞을지 궁금합니다.도와주세요.,몽몽이,2025.06.04.,1
194,[사주질문]지장간에 뿌리가 있는건 어떻게 보는건가요..??,eunn,2025.06.04.,1
195,[사주질문]저는 배우자복 팔자인가요???,설모마리아,2025.06.03.,1
196,[신점질문]선생님들 기도 하고 오시면 영발이 더 좋아지나요?,똘똘이스머프,2025.06.02.,0
197,[사주질문]전체적인 사주 궁금해서 만세력올립니다.,역습,2025.06.01.,1
198,[사주질문]사주에서 특정 부분 건강이 안좋다는건,Odung66,2025.05.30.,0
199,[사주질문]남녀 사주 궁합 무료 사주풀이 상담 신청합니다…,함초롬히,2025.05.26.,1
200,[사주질문]남편과 안맞는 이유가 뭘까요?,화이팅하세요,2025.05.24.,1
201,[타로질문]전화타로 어떻게 얘기드리면 될까요.,향긋한커피향,2025.05.23.,1
202,궁합/재회/연락문제 타로보세요!,하이요우우우우,2025.05.22.,0
203,[사주질문]거의 백수인 남편 올해 일할수있나요,사주병아리,2025.05.19.,1
204,[신점질문]상문이 궁금~~,부엉부엉,2025.05.16.,1
205,사주가 궁금합니다~,오옥z,2025.05.15.,1
206,[사주질문]딸과 제 궁합이 궁금합니다 부탁드립니다,행복ㅇ,2025.05.14.,2
207,진로고민,고무나무,2025.05.13.,1
208,대운이란 게 궁금합니다,요미지,2025.05.13.,0
209,[사주질문]너무 안풀려서 안좋은 생각까지해요,톰포드다,2025.05.11.,1
210,내년부터 대운 들어오는것,또삐,2025.05.11.,1
211,만세력마다 귀인의 유무가 다른가요?,와수리 버스 터미널,2025.05.11.,1
212,1960년 음력11월16일 초저녁 어둑어둑해질 때는 申시일까 酉시 일까요,명성작명,2025.05.08.,0
213,[사주질문]결혼 좋은 사람과 하게 될까요? 이번년도 연애운 들어오는지 궁금해요,또삐,2025.05.06.,0
214,[사주질문]사주가 궁금합니다.,오월의 남자,2025.05.06.,1
215,[사주질문]직장동료관계,smile,2025.05.05.,0
216,[사주질문]이혼수가 잇을까요?,부유한나,2025.05.03.,0
217,이혼후 금전운 긍금해요,영영영영,2025.05.03.,0
218,사주 봐주세요,윙깅이 꽃길만 걷자,2025.04.30.,0
219,사주 좀 봐주세요,윙깅이 꽃길만 걷자,2025.04.30.,0
220,[기타질문]사주관련 읽기 편한 책 있을까요?,애옹,2025.04.25.,2
221,[사주질문]사주풀이 정중히 부탁드립니다!,림팡구,2025.04.18.,1
222,[사주질문].,qq20308,2025.04.18.,1
223,[사주질문].,qq20308,2025.04.17.,1
224,[사주질문]저는 무인성 사주인가요?,심야프리미엄버스,2025.04.12.,1
225,[사주질문]남자친구가 저에대한 집착이 유독 심한데 사주상 서로 뭔가 있는것인지..,렙비은,2025.04.09.,0
226,[사주질문]남자 복이 없다..는데 무료 사주 봐주세요!,아이구궁,2025.04.09.,0
227,[사주질문] 오행 질문드려요,설모마리아,2025.04.08.,1
228,[고민상담]퇴사 시기 질문합니다.,Binch,2025.04.08.,1
229,[기타질문]윤석열 탄핵될까요?,앙드레코스톨라닝,2025.04.04.,1
230,[사주질문]부동산 매수,라오슬,2025.04.03.,1
231,[사주질문]이사운 있을까요?,엔젤블리,2025.03.31.,0
232,사주를 분석 해보는데 맞는 해석법인지 궁금합니다.,유저,2025.03.29.,1
233,첫째아이에게 좋은 띠를 둘째로 낳으면??,초코딸기,2025.03.28.,0
234,대박도 쪽박도 아닌사주,치즈콘,2025.03.27.,2
235,[사주질문]사주가궁금합니다선생님들,내인생,2025.03.25.,1
236,"[사주질문]소송준비중(관재수) 잘 해결될지, 그리고 취업운",렙비은,2025.03.25.,1
237,진도화 함지살에 대해 궁금합니당!,드드,2025.03.24.,2
238,[사주질문]저 퇴사하고 쉬었다가 다시 시작할 수 있을까요?,공주현,2025.03.24.,2
239,"[사주질문]올해 재물,연애복 어때보이나요",렙비은,2025.03.23.,1
240,너무 힘든데 언제쯤 이 힘듦이 끝날까요?,치킨짱먹오,2025.03.22.,1
241,[사주질문]연애운 궁금합니다….,응가응,2025.03.20.,0
242,[사주질문]신약사주인지 신강사주인지 봐주세요,설모마리아,2025.03.16.,1
243,사주 앱/웹사이트 추천,오렌지2,2025.03.14.,0
244,사주 확인한번 부탁드립니다,앙마용,2025.03.12.,0
245,삼재를 월로도 보나요?,드드,2025.03.12.,0
246,저는 댄스쪽으로 진로 갖는거 맞을까궁금해요,박혜원,2025.03.11.,0
247,[사주질문]화인간인데 봐주실 수 있을까요...,당근무지,2025.03.11.,0
248,"[사주질문]저 올해나 내년에 이사,독립운 있을까요",그냥살기,2025.03.08.,0
249,[사주질문]사주 좀 봐주실 수 있나요?,종수따까리,2025.03.06.,0
250,[사주질문]애인이랑 하도 싸워서요.. (무료사주풀이 신청합니다),달별하늘,2025.03.05.,1
251,[사주질문]진로 고민,후회없기,2025.03.04.,0
252,[사주질문]저 결혼언제하는지 알려주세요,박혜원,2025.03.03.,0
253,[사주질문]사업시기,룡이류루,2025.02.25.,0
254,[사주질문]배우자운이 궁금합니다,이승재,2025.02.24.,0
255,통수 당했습니다. 무슨 영향일까요?,심야프리미엄버스,2025.02.24.,0
256,처음 사주 올려봅니다.늦게라도 공부시작하려하는데,물멍무멍,2025.02.23.,1
257,[사주질문]결혼까지 생각중인데 사주궁합 봐주세오,넹넹넹넹입,2025.02.23.,0
258,올해 제 연애운 무료사주풀이 부탁드립니다.,두광,2025.02.22.,0
259,[타로질문]여러분 사주타로 둘다 보시나요???,싼구,2025.02.21.,0
260,[사주질문]사주문의,smile,2025.02.21.,1
261,[사주질문]결혼은 언제쯤 할수있을까요?,라크나스,2025.02.21.,0
262,[사주질문]일을 끝맺는 것이 힘듭니다,이승재,2025.02.20.,0
263,[사주질문]취업운 좀 봐 주세요,후회없기,2025.02.20.,0
264,[사주질문]21세 고민..올해는 합격할수 있을까요..?,닌니닌니닌니니,2025.02.19.,0
265,[사주질문]자영업 매장 2호점 예정중입니다,구미미미,2025.02.19.,0
266,[사주질문]반수 성공할 수 있을까요?[무료사주 부탁드립니다],행복하다,2025.02.19.,1
267,현재 배우자와 헤어질 운명인지 궁금합니다.,밤송이네,2025.02.19.,0
268,[사주질문]사업운 질문,구름달,2025.02.18.,0
269,[사주질문]칠살용인격인가여???,설모마리아,2025.02.17.,0
270,띠와 사주 중에 더 큰 비중을 차지 하는것은 무엇인가요??,와수리 버스 터미널,2025.02.16.,0
271,[사주질문]결혼할 수 있을까요?,뽀라냥,2025.02.16.,0
272,[사주질문]오전 7시 30분은 묘시일까요 진시일까요,히히호호히히,2025.02.15.,1
273,편관과 비겁만있는 사주 풀이 부탁드립니다~,AKREOTKXKD,2025.02.15.,0
274,이사문제로 글올립니다..!,요굴,2025.02.15.,0
275,[사주질문]대운 시기 보는법 .. 만세력이랑 무당분이 얘기해준거랑 다르네요 .. 알려주시면 감사합니다.,드드,2025.02.15.,0
276,[사주질문]사업운이 어떤지 궁금합니다,꾸리쿠키,2025.02.13.,0
277,"[사주질문]직장 관련 고민.. 휴직or퇴사, 적성 고민입니다.",공주현,2025.02.05.,0
278,[사주질문]사주질문-합격운..너무 간절합니다 꼭봐주세요,ㅅㅇㅅㅇㅅㅇㅋㅋ,2025.02.05.,0
279,"[사주질문]합격운, 시험운 봐주세요!",사주맹신론자,2025.02.05.,0
280,[사주질문]사주 궁금합니다,앙마용,2025.02.04.,0
281,[사주질문]올해 취업될까요?,무지개꿈,2025.01.31.,2
282,"[사주질문]을해, 병인 궁합 어떤지 궁금합니다 ! (무료사주풀이 신청합니다!)",데리야뀌,2025.01.27.,1
283,[신점질문]취업운 학업운 연애운 인간관계운 궁금해요 마니마니 와서 봐주떼염 제발룡,뷰조,2025.01.23.,0
284,[사주질문]사주 태어난시간도 알아야 정확한가요?,에스더,2025.01.21.,0
285,상관생재? 종재종격? 재물운 궁금합니다.,레셈,2025.01.21.,0
286,"[사주질문]연애운,결혼운 부탁드립니다!",우리모두무병장수기원,2025.01.19.,0
287,이 남자가 자꾸 생각나는 이유🫤,오잉,2025.01.19.,0
288,[사주질문]제 연애운 좀 봐주세요.,두광,2025.01.18.,0
289,[사주질문]안녕하세요,긍정언니,2025.01.16.,0
290,[사주질문]이직과 출산계획 관련 사주 문의드립니다.,나랄라라리양,2025.01.14.,0
291,오행의 구조는 왜 사주 사이트나 앱마다 다 다르게 나오나요?,ㄹ,2025.01.14.,0
292,"[사주질문]천간합, 지지합이면 사주궁합 좋나요??",냠냠잉양옹,2025.01.14.,2
293,안녕하세요 25년 사업운이 궁금합니다.,사필귀정225,2025.01.14.,0
294,남편복이 없다던데요 ㅠㅠ 정말 남편 복 없는 사주인가요!?,아이구궁,2025.01.14.,0
295,사주궁합 및 사주풀이 부탁드려요,으니이,2025.01.14.,0
296,제사주가 어떤사주 인가요??,설모마리아,2025.01.06.,0
297,12운성 관련하여 질문드립니다 (왕핵초보),드드,2025.01.06.,1
298,사주 한번 봐주세요!!,뿌붑,2025.01.05.,0
299,오행 중에 어떤게 모자란지 궁금합니다.,진구,2025.01.05.,0
300,[사주질문]원하는곳에 취업이 가능할까요?,행복건행,2025.01.04.,1
301,[사주질문]임신 관련 사주 질문드려요,쨩쨩구리,2025.01.01.,0
302,임신운,유쩡찡이,2025.01.01.,0
303,[사주질문]승진운 있을까요? 부탁드립니다.,룰루oo,2024.12.30.,0
304,[사주질문]내년에 고3 올라가는데 사주 풀이 부탁드립니다,대화,2024.12.30.,0
305,[사주질문]내년에 20살 되는 딸,린아,2024.12.30.,0
306,[사주질문]공부? 장사? 뭐가 더 맞을까요,레셈,2024.12.29.,0
307,[신점질문]합격운 올리는방법 궁금합니다,비잉널스,2024.12.27.,0
308,[사주질문]직장 이직운이 궁금합니다.,아몬드븅븅,2024.12.26.,0
309,"천간, 지지 말고 지장간에 있는 십성도 영향이 큰가욤? (사알못입니다... 화내지말아주세요 ㅜㅜ)",드드,2024.12.26.,0
310,[사주질문]원진 귀문 천을귀인이 다 있는데 어떤가요?,랄라요요,2024.12.25.,0
311,[사주질문]간여지동 3개면,삐빠라밥,2024.12.20.,0
312,침대 머리 방향 질문합니다ㅠㅠ,으쌰라으쌰라,2024.12.19.,0
313,[사주질문]울축일주 편재,해피밀,2024.12.18.,0
314,[투표]여자아이이름 투표부탁드려요^^,반짝이희동맘,2024.12.16.,0
315,[사주질문]나락 녹먹는 팔자가 꼭 공무원만 있나요?,superb112,2024.12.16.,0
316,[사주질문]부적 분실,김해,2024.12.14.,0
317,무인성 여자와 무식상 남자 연애 어떨까요?,경청미,2024.12.12.,0
318,[사주질문]업상대체를 못한경우,애코니,2024.12.11.,0
319,[기타질문]사주 예약하려는데 궁금증!,재희,2024.12.09.,0
320,[사주질문]사주 위치 질문드려요,울화야,2024.12.09.,0
321,[신점질문]굿을 꼭 해야하는지 궁금합니다.,애슬레틱,2024.12.07.,0
322,[사주질문]인사신 삼형살 인데,설모마리아,2024.12.07.,0
323,[사주질문]병진일주 여자 사주,연꽃,2024.12.07.,0
324,[사주질문]제사주는 어떤가요?,민별,2024.12.05.,1
325,나사주 선생님 계신가여?,대식가1212,2024.12.03.,0
326,생생한 꿈의 효력 기간,풍운,2024.12.02.,0
327,[사주질문]내년과 다음 대운수 어떻게 보시나요?,에이셉락키,2024.12.02.,0
328,[사주질문]이거 해석좀...,서울RP구로토박이,2024.11.30.,0
329,대운수 풀이하는 방법이 어느것이 맞는 것인지 궁급합니다.,씨티페이,2024.11.29.,0
330,[사주질문]신약한사람 끼리 궁합이 더 좋을까요?,경청미,2024.11.29.,0
331,수 기운이 약한 사주인가요?,드드,2024.11.28.,1
332,(사주질문)어떤일을 해야 성공할 수 있을까요?,풍운,2024.11.28.,1
333,미성년자는 사주보면 안되는이유가 있나요?,홍콩키위,2024.11.24.,0
334,"[신점질문]신점,사주와 다르게 살면?어떻게되나요.",마스터하자,2024.11.21.,0
335,[사주질문]시험관 준비 중입니다.,마가렛,2024.11.21.,0
336,"이동수, 역마살 기운 큰 해에 여행 많이 다니면 직장의 변동수 액떔가능한가요?",호운,2024.11.20.,0
337,[사주질문]알바 채용해놓고 출근당일 빠꾸먹은것만 수십번이네요,fall87,2024.11.19.,0
338,[사주질문]궁합이 어떤가요?? 둘사이에 자식은 생기려나요??,fall87,2024.11.18.,0
339,[사주질문]남녀 궁합 궁금합니다,레셈,2024.11.17.,0
340,[사주질문]닮은듯 다른듯,딸기빵,2024.11.16.,0
341,[사주질문]12월달..,대한민국토박이,2024.11.16.,0
342,[사주질문]올 해 태어난 아기 사주 좀 봐주세요,응가응,2024.11.16.,0
343,[사주질문]사주에 화가 많으면,나에게,2024.11.13.,0
344,부모자식 사이에도 궁합이라는게있을까요?,sunny8487,2024.11.13.,1
345,[사주질문]12운성볼때요..,지나가는이,2024.11.12.,1
346,[사주질문]무료 사주풀이 신청합니다 내년 운세,yj354126,2024.11.12.,0
347,[사주질문]사주에 어디서 남자를 만나 누구랑 결혼을 하게될지도 써있나요???,리얼진,2024.11.09.,0
348,[사주질문]주식하려고 하는데요,설모마리아,2024.11.08.,0
349,[사주질문]식신 상관 비견 겁재 있으면 실기시험 불합격?,QPE33,2024.11.07.,0
350,(사주봐주세요) 딸은 엄마팔자를 닮는다니....,요굴,2024.11.06.,0
351,[무료사주]직장운 부탁드립니다,경청미,2024.11.06.,0
352,[사주질문]거짓말 많이 한다고 믿지 말라는데 진짜 그런가요?,드드,2024.11.06.,0
353,[사주질문]관재가 있어요 언제 끝날지 봐주실 수 있으실까요? 부탁드립니다.,부디잘흘러가길,2024.11.05.,0
354,[사주질문]사주 년.월.일 궁금합니다.,연꽃,2024.11.05.,0
355,[사주질문]저 진짜 언제쯤 좋아질까요 너무 힘들어요.. (취업),Ukkkkx,2024.11.05.,0
356,직장 이직을 해도 될까요,호야쁘니,2024.11.04.,0
357,그릇이 깨졌어요,sunny8487,2024.11.03.,0
358,[사주질문]내년에 자취 해도 괜찮을까요?,드드,2024.11.02.,0
359,[사주질문]직업이 고민됩니다,뇨뇨,2024.11.01.,0
360,[사주질문]선생님들 안녕하세요! 용신질문드립니다,호오오던ㅇㄴ,2024.10.30.,0
361,[사주질문]딸 사주부탁드려요,쿠쿠잇,2024.10.28.,0
362,사주로 체형,쪄닝잉,2024.10.24.,0
363,삼재가 궁금해서 문의 드립니다.,프리지아8383,2024.10.23.,0
364,삼재,불꽃놀이,2024.10.21.,0
365,고민입니다..어찌하면좋을까요,불꽃놀이,2024.10.21.,0
366,사주 겁살,그린애플스무디,2024.10.18.,0
367,[사주질문]내년운 / 결혼운 봐주세요 ㅠㅠㅠ,오뎅 애니22,2024.10.17.,0
368,띠별궁합 중요한가요?,경청미,2024.10.16.,0
369,[사주질문]교사 임용고시 지역선택 고민입니다,융이,2024.10.16.,0
370,합격운 봐주세요,니ㅣ니이아,2024.10.15.,0
371,[사주질문]신약재약 사주인가요???,설모마리아,2024.10.13.,0
372,[사주질문]사주 풀이 궁금합니다^_^,림312,2024.10.12.,0
373,[사주질문]관운 및 진로 상담 드립니다,인생 어렵다,2024.10.12.,0
374,"[사주질문]25년 관운,시험운 있을까요 ??????????",후하후히호헤,2024.10.11.,0
375,[사주질문]궁합이 궁금해요,여우꼬리,2024.10.10.,0
376,이름이 같으면 인생도 비슷하게 살까요?,여우꼬리,2024.10.10.,0
377,[사주질문]궁합에 삼합이 2개일때 궁금합니다,애코니,2024.10.10.,0
378,[사주질문]임신운 알고싶어요 제발 도와주세요 ..,또맙,2024.10.10.,0
379,[사주질문]월운이 바뀌는 날의 기준이 뭔가요??,하니블루,2024.10.09.,0
380,공무원 합격할 수 있을까요?,호운,2024.10.08.,0
381,[사주질문]임신운 알수있을까요..?!,haroro1,2024.10.07.,1
382,[사주질문]궁합 한번 봐주시길 부탁드립니닷,드드,2024.10.07.,0
383,[사주질문]이 사람 사주 어때보이나요,하니블루,2024.10.07.,0
384,사주해석 기초질문,쇼펜하우어8382,2024.10.06.,0
385,[신점질문]굿 해보신분 계신가요?,Lord Commander,2024.10.06.,0
386,[사주질문]일주 상관 ㅜ,삐빠라밥,2024.10.05.,0
387,[사주질문]저는 재다신약인가요 재왕신약인가요??,하니블루,2024.10.05.,0
388,[기타질문]택일 질문 드려요,래이동동,2024.10.05.,0
389,[사주질문]갑오일주 날짜 질문드립니다,하니블루,2024.10.05.,0
390,[기타질문]서울 강남구에 사주 잘 보는 곳이 혹시 있을까요?,진성복,2024.10.04.,0
391,[사주질문]재물운 연애운 봐주실 선생님 계실까요??,하니블루,2024.10.04.,0
392,[사주질문]제 사주가 재다신약인지 종격인지 궁금합니다,하니블루,2024.10.04.,0
393,[무료사주] 연애 사주부탁드려요,경청미,2024.10.03.,0
394,무료사주풀이 상담신청합니다.,체대20학번,2024.10.03.,0
395,[사주질문]임신이 가능할까요?,정이씽,2024.10.03.,0
396,[사주질문]아기 이름결정하기가 너무 어려워요,트위스트지 파주,2024.10.01.,0
397,[사주질문]임신 언제쯤 가능한지 궁긍해용,시이이,2024.09.30.,0
398,올해하반기랑 내년까지 이직운 있을까요?,캉,2024.09.29.,0
399,[사주질문]엄마랑 원진인지 좀 봐주세요,레셈,2024.09.29.,0
400,이직이랑 결혼운 궁금합니다,퐈요포요,2024.09.28.,0
401,[사주질문]저 임신 할 수 있을까요?,궁금이,2024.09.27.,0
402,인시인가요?? 묘시인가요???,설모마리아,2024.09.27.,0
403,[사주질문](여자) 이동수 있는지 봐주세요,레인보우83,2024.09.26.,0
404,재물운 아주 좋은날이 이어지면 나빠지나요?,익명,2024.09.25.,0
405,태어날 아이 사주 봐주세요 ㅠㅠ제발요,나의봄이다,2024.09.23.,1
406,[기타질문]부모님 천도제 해야 할까요?,미성,2024.09.22.,0
407,[사주질문]재물과 여자가 부족한 사주인지 확인해주세요!,디링이오,2024.09.19.,0
408,[사주질문]혼외자 이복형제?,하루윤,2024.09.14.,0
409,[사주질문]이직 및 지역이동 관련 풀이 부탁드립니다!,졔에리,2024.09.12.,0
410,[사주질문]내년에 이직 해도될까요 ?,쏘쏭,2024.09.11.,1
411,안녕하세요 사업을 하는 사람입니다 앞으로 어떻게 될지 궁금해서요,딥상어동,2024.09.10.,0
412,[사주질문]모태쏠로 제 동생 장가갈 수 있을까요?,궁금이,2024.09.10.,0
413,[사주질문]사주에 언제죽는지도 나오나요?,미래궁금,2024.09.10.,1
414,핸드폰 색상 무엇으로 바꿀까요?,딥상어동,2024.09.10.,0
415,이 사주의 격을 알고싶습니다,썬키스트,2024.09.10.,0
416,[사주질문]사주는 원래 해석 하기 나름인가요?,Ukkkkx,2024.09.10.,0
417,[사주질문]이직 언제 성공할 수 있을까요?,tp05156,2024.09.09.,0
418,[사주질문]서머타임에 태어난 시 때문에 햇갈려요 ㅜ,단스가,2024.09.09.,0
419,[사주질문]직업운 부탁드립니다.,tp05156,2024.09.07.,0
420,[사주질문]사주 상담드립니다~제 사주에 셋째가 있을까요?,마요캐찹,2024.09.07.,0
421,[사주질문]아내 사주 풀이 부탁드리겠습니다.,알쓸신잡,2024.09.06.,0
422,[사주질문]임신운 궁금합니다,슈퍼우먼vv,2024.09.05.,0
423,[사주질문]부부 사주 풀이 부탁드립니다,sz8857,2024.09.05.,0
424,[사주질문]결혼 택일 질문이요,떼떼,2024.09.04.,0
425,[사주질문]이사주는 양인살 공망인가요,삐빠라밥,2024.09.04.,0
426,[사주질문]사주풀이 요청 합니다(지방이직이 나은지 현재,태 짱,2024.09.03.,0
427,[사주질문]복덕수기격 사주?,체리78,2024.09.03.,0
428,"[사주질문]사주 풀이 부탁드려요. 대운세운, 오행 등",알쓸신잡,2024.09.03.,0
429,[사주질문]제가 눈치가 없는 편일까요?,Lord Commander,2024.09.03.,0
430,2027년 2028년까지 기다리고 있는 중,이재호 점성술,2024.09.02.,1
431,"여자 지장간에 있는 정관,편관은 남편 외 남자를 뜻하는 것일까요?",호운,2024.09.02.,0
432,[기타질문]사주공부 할데 질문,wejukef,2024.08.30.,0
433,을목일간입니다,촑코,2024.08.29.,0
434,[사주질문]야자시 너무 헷갈립니다 구분하는법,후아야,2024.08.29.,0
435,이해가 안되서 질문드려요~~,엘사샤,2024.08.28.,0
436,비겁많은 사주는 언제 좋아지나요?,사주공부,2024.08.28.,0
437,"문서운(합격,계약)의 시작과 결과가 몇년에 걸쳐있는 경우 어느 시점 운이 좋아야할까요?",호운,2024.08.27.,0
438,화가 많고 수가 없는 사주 개운법,넌정말이쁘다이쁘다,2024.08.25.,0
439,[사주질문]저는 무슨격인가요?,설모마리아,2024.08.24.,0
440,[사주질문]사주 풀이 부탁드립니다.,넌정말이쁘다이쁘다,2024.08.22.,0
441,"제 연애,결혼운 좀 봐주시겠어요.",nimeyh1,2024.08.22.,0
442,[사주질문]내년 취업운이 궁금합니다 언제쯤 취업운이 잘풀릴지 궁금합니다ㅠㅠ,인생 어렵다,2024.08.21.,0
443,8자가 대각선으로도 서로 작용하나요?,호운,2024.08.21.,0
444,삼합 해석하는 방법 질문올립니다.,호운,2024.08.20.,0
445,[인생상담]큰아이 진로고민이 크네요~한번봐주십사 올려보아요^^;;,이루리 이루다,2024.08.18.,0
446,대운분석 좀 부탁드립니다.,설모마리아,2024.08.15.,0
447,재회운 보고싶은데요..,알로엥,2024.08.14.,0
448,[타로질문]타로 무슨뜻일까요?,Lord Commander,2024.08.13.,0
449,[기타질문]조카 100일 선물 뭐로 하면 좋을까요?,Lord Commander,2024.08.10.,0
450,[사주질문]굳이하나 뽑자면 어떤사주가 좋나요,설모마리아,2024.08.08.,0
451,차량번호추천좀 부탁드립니다..,묘석,2024.08.07.,0
452,[사주질문]올해 이직운 있을까요? 무료사주풀이 상담신청합니다.,사주에진심임,2024.08.07.,0
453,[사주질문]사주를 팔면 좋아질까요?,Lord Commander,2024.08.06.,0
454,[사주질문]올해 이동수가 있을까요,김과당,2024.08.05.,0
455,[사주질문]귀문. 원진 옆에 한자 무슨뜬인가요?,Lord Commander,2024.08.04.,0
456,지장간 재성,Fortune John,2024.08.04.,0
457,[기타질문]무당분들은 사람들 생각까지 다 보이나요?,Lord Commander,2024.08.02.,0
458,사주 풀이 좀 부탁드립니다.,호운,2024.08.02.,0
459,월주 천을귀인 태극귀인,뚜둡뚜뚜,2024.08.01.,0
460,[타로질문]타로 어플은 믿을 수 있는 건가요!?,이즈리얼카르마,2024.07.31.,0
461,어떤 직업이 잘 맞을까요? 그리고 연애운은 어떤가요?,꼬꼬팜,2024.07.27.,0
462,[신점질문]신줄 질문있어요,Lord Commander,2024.07.26.,0
463,전문가도 보기드문 희귀한 사주라는데 궁금합니다,Paulee,2024.07.25.,0
464,[사주질문]저는 남자운하고 연애운이 아예없나요 ㅠㅠㅠㅠ 안생겨요,으아아앙이이,2024.07.25.,1
465,[기타질문]지구 종말 이 분 유튜브 영상,빠따,2024.07.25.,0
466,[고민상담]올해까지 원숭이띠 삼재라던데 직업선택 때문에 고민이 많습니다ㅠ,운정2,2024.07.24.,0
467,[사주질문]동생이 도박에 빠져서 사기치고 다니는데.. 언제쯤 정신차릴지ㅜㅜ,뽀텔,2024.07.24.,0
468,임신 사주 부탁드립니다..🙏,푸르미리주,2024.07.23.,0
469,[사주질문]자녀 사주상담 드려요~,VKaaa,2024.07.22.,1
470,궁합이 나쁘면 결혼을 무조건 하면 안되는건가요,쪼니,2024.07.20.,0
471,연애/.결혼운이 궁금합니다,ykm,2024.07.19.,0
472,[사주질문]인생 잘못 산거 같아요...,영영차,2024.07.17.,0
473,[사주질문]이번달 사주 해석부탁드립니다,베니부,2024.07.16.,0
474,만세력 어플 마다 신살의 갯수가 다르게 나옵니다...,와수리 버스 터미널,2024.07.15.,0
475,만세력 년주 신살에 암록이 있다가 사라질수도 있나요...?,와수리 버스 터미널,2024.07.14.,0
476,[사주질문]집이 언제 팔릴까요,하얀강생이,2024.07.14.,0
477,[사주질문]지인이 추천해준 출산날짜 중 하루 골라주시면 감사하겠습니다!,초코우유맛,2024.07.12.,0
478,임신운좀 봐주세요~~부탁드립니다 ㅜ,미쓰박,2024.07.06.,0
479,신왕재관왕격 사주 맞나요?,설모마리아,2024.07.06.,1
480,[사주질문]어떤 사람인가요? 무료 사주부탁드립니다.,기원하는,2024.07.05.,0
481,[사주질문]나무의 사주와 잘맞는 사주,호이,2024.07.04.,0
482,[사주질문]제 사주에는 어떤일을 하는게 맞을까요?,혁이람이,2024.07.02.,0
483,[사주질문]제 사주에 어떤 직업이 잘 맞을까요..?!,과크크,2024.07.01.,0
484,[사주질문]입시 사주 봐주세요 ㅠㅠ 요즘 힘들어용,김다현05,2024.07.01.,0
485,[사주질문]토정비결 질문있어요!,농친자,2024.07.01.,0
486,[사주질문]대운 세운 보는법이요,루루22,2024.06.30.,0
487,[사주질문]지지부분에 괄호쳐서 표시되어있는 12운성은 어떻게 해석하나요??,커피사랑녀,2024.06.28.,0
488,[사주질문]임신운 궁금해요!!,나입니e,2024.06.27.,0
489,[사주질문]식상과다 무재,루루루루룰,2024.06.26.,0
490,[사주질문]임신 할수 있을까요?,체리초코케이크,2024.06.24.,0
491,편관격 여자,ㅣㅑ,2024.06.23.,0
492,[사주질문]취업과 알바 둘 다 안 구해지네요,달이다요,2024.06.20.,0
493,[사주질문]이사가도될까요?,박긍정이예요,2024.06.20.,0
494,[사주질문]귀문관살,삣깨삐깨피켓츄,2024.06.19.,0
495,[사주질문]사주한번 봐주세용~^^,선샤인,2024.06.17.,0
496,[사주질문]공부 중인데 질문있어요,공부하자,2024.06.16.,0
497,혹시 대전사시는분 계신가요?,가지가지오만가지,2024.06.16.,0
498,[사주질문]직업운 질문이요+ 무료사주풀이 상담신청합니다.,필링,2024.06.16.,0
499,[신점질문]요새 전화점사 많이들 보시던데요,연율맘,2024.06.14.,0
500,[사주질문]무당사주라는 말을 두곳에서 들었다면 진짜 무당사주 라는건가요...?,와수리 버스 터미널,2024.06.12.,0
501,[사주질문]사주풀이 부탁드려요~,프프,2024.06.09.,0
502,[사주질문]올해 운이 어떤가요?ㅠㅠ(정신을 못차림요),아몬드 봉봉,2024.06.09.,0
503,[사주질문]식신1. 상관2 이면 식상혼잡인가요?,삐빠라밥,2024.06.08.,0
504,[사주질문]사주라는게 궁금합니다,이얏호,2024.06.07.,0
505,[신점질문]장사 사업운좀 봐 주세유,콩뽕맘,2024.06.05.,0
506,금이 용신이면,지니지니,2024.06.04.,0
507,직업을 바꿀려고 합니다 제가 수리교체쪽으로 직업을 선택하고자 하는데 이직업으로 지금의 빈곤에서 벗어날수 있을까요 저희 친형이랑 함께 하고자 합니다 부탁좀 드리겠습니다 꾸벅,꿈꾸는,2024.06.04.,0
508,[사주질문]출산하는 달에 이사가는게 안좋은건가요?,간느님,2024.05.31.,0
509,[사주질문]내일 이혼장 접수하러 갑니다,밀린숙제,2024.05.30.,0
510,고속도로에 로드킬당한 동물보게되면?,익명,2024.05.28.,0
511,[기타질문]무당나오는 꿈해몽! 28년동안 처음나오는꿈이라 불안하면서 궁금하네요ㅠㅠ,단단이,2024.05.25.,0
512,[사주질문]사주부탁드립니다,브라보,2024.05.23.,0
513,[사주질문]대운 시작 년도가 앱마다 다른데 어떤게 맞는건지 알려주세요,아더시,2024.05.21.,0
514,[사주질문]직업 어떤 게 좋을까요 ㅠㅠ,밍구야,2024.05.18.,0
515,"[사주질문]관살혼잡인가요.,,? 봐주세요",겨울아이1,2024.05.18.,0
516,"사주, 궁합",랄라요요,2024.05.17.,0
517,[사주질문]같은 시간인데 프로그램마다 월주가 다르게 나오는데 어떤게 맞는것인가요?,아더시,2024.05.16.,0
518,언제나 좋아질까요.. 사주 풀이 좀 부탁드립니다…,망고케이크,2024.05.14.,0
519,[사주질문]안녕하세요 오대운 지지 인오술 삼합의 영향력 등등 궁금합니다,민크초코칩,2024.05.13.,0
520,[기타질문]질문 좀 드려도 되겠습니까,세도로프,2024.05.12.,0
521,[사주질문]인생이 힘이드네요 사주풀이 신청합니다,사쥬샂주,2024.05.09.,0
522,[사주질문]사주풀이 부탁드려요,다중맘,2024.05.07.,0
523,직업운이 궁금합니다,mrh,2024.05.06.,0
524,[사주질문]남편이 도둑(?)이래요,큐큐,2024.05.06.,0
525,[사주질문]생일양력과음력,가지가지오만가지,2024.05.05.,0
526,[고민상담]수기운과 관련된 물건이나 물품이 뭐있을까요,레셈,2024.05.05.,1
527,[사주질문]재작년부터 회사 이직하면 구조조정하고 힘들어요 ㅜㅅㅜ,윤숭이,2024.05.04.,1
528,[사주질문]연애/결혼운이 있을까요? 선생님들 부탁드립니다.,아직은모른다,2024.05.03.,0
529,[사주질문]선택에도움을 좀 주실 선생님들ㅠㅠ,기토,2024.05.02.,0
530,[사주질문]사주풀이 부탁드립니다,파파리잡아,2024.04.30.,1
531,꿈해몽 부탁드려요 태몽일까요??,찰떠기맘잉,2024.04.28.,0
532,인터넷에서,조희,2024.04.27.,0
533,[사주질문]딸아이 사주풀이 부탁드려요..,꾸아맘,2024.04.25.,0
534,[사주질문]양인격 자녀 사주 풀이 부탁드립니다,호뇽뇽,2024.04.24.,0
535,[사주질문]재다신강한 사주,꾸준희,2024.04.24.,0
536,단걸 너무 먹는데...,인생의낙,2024.04.23.,0
537,[사주질문]출산 택일(시간 등) 고민,우리강이,2024.04.22.,0
538,[사주질문]이혼 봐주세요,OO1234,2024.04.19.,0
539,[사주질문]재물이랑 진로 좀 봐주세요,초리맥,2024.04.19.,0
540,[사주질문]가게를 내놓았는데 언제쯤 나갈까요 ㅠㅠ,입주민,2024.04.18.,0
541,"[사주질문]사업,취업 고민이됩니다",우유커피,2024.04.17.,0
542,궁금해요,동네꼴통,2024.04.15.,1
543,살쪄서 고민 ㅠㅠ,인생의낙,2024.04.15.,0
544,[사주질문]사주 풀이 부탁드려요🙏🏻,별혜,2024.04.15.,0
545,집터가 안 맞는다고 하는데요…,초코딸기,2024.04.12.,0
546,[사주질문]남아 출생일 사주 검토 부탁드립니다. !!,시금치천원,2024.04.11.,0
547,[사주질문]무료 사주풀이 요청드려요,행복한나,2024.04.09.,0
548,진로 사주 풀이 부탁드립니다!,구징,2024.04.08.,0
549,[사주질문]무료 사주 풀이 신청하겠습니다!,어뿅,2024.04.08.,0
550,[기타질문]꿈해몽,얼씨구,2024.04.07.,0
551,만세력이 두가지로 다르게 나오는데요.. 어떤게 맞는가요?,정해일주,2024.04.04.,0
552,[사주질문]세운중에 물음표가 있는데 무엇을 의미하나요?,Welchs,2024.04.04.,0
553,[사주질문]결혼운 궁금합니다,임주영,2024.04.03.,0
554,보이시는분들 꼭 한마디 부탁드립니다! 위에 사람이 아래사람한테 맘이 있을까요?,진실,2024.04.01.,0
555,[사주질문]올해 승진이 가능할까요??,롱이,2024.04.01.,0
556,조상신,꾸리쿠키,2024.03.29.,0
557,[사주질문]건물명(상호명)에 부족한 오행(목)을 넣는게 괜찮을까요? 근데 제가 (토)라 상극이에요,대구II알았다규,2024.03.29.,0
558,안녕하세요~,문창선,2024.03.29.,0
559,올해 어찌보내야 하나요?ㅜㅜ,깡,2024.03.26.,0
560,[고민상담]도박에빠진형때문에 너무힘드네요,병아리수준,2024.03.25.,0
561,[사주질문]사주좀 봐주세요,경기ll스응계,2024.03.25.,0
562,[고민상담]사주에서 말하는 사후세계란,빠따,2024.03.25.,1
563,[신점질문]결혼하면 무조건 이혼한다는데 궁금해요,수쁘니,2024.03.25.,0
564,[사주질문]관운 질문이요,꺄갸르륵,2024.03.24.,0
565,[고민상담]임신에 좋은달과 나쁜달,은빛향기,2024.03.23.,0
566,[기타질문]관운 남자운,꺄갸르륵,2024.03.23.,0
567,제가 오늘 점을 보고왔는데요,준스톤,2024.03.20.,1
568,[기타질문]생일을 바꾸기도 하나요?,이얏호,2024.03.15.,1
569,[사주질문]자강님께 문의드립니다,명리가궁금해,2024.03.14.,1
570,[인생상담]사후세계 질문,빠따,2024.03.14.,1
571,경단주부라 취직이 쉽지 않아 공무직 준비중입니다.,세상살이,2024.03.14.,0
572,[사주질문]새로운 일을 시작하는게 맞나요?,화초1234,2024.03.08.,0
573,[기타질문]간절한마음 읽어주시고 답변부탁드립니다...,rlathcjswo,2024.03.08.,0
574,[신점질문]내년2월~3월 이사해야할지 말지 고민입니다.,지윤맘V,2024.03.04.,0
575,[사주질문]제팔자가 건강. 수명이 짧은가요..,바비사랑,2024.03.03.,0
576,군비쟁재는 정재가..천간에떠야되는건가요?,쪼꼬미둘,2024.03.03.,0
577,[사주질문]갈피를 못잡겠어요,엥상구,2024.03.03.,0
578,남자복이 안좋나요,찰떡말랑콩,2024.02.22.,0
579,만세력좀봐주세요..,뚜뚜롱,2024.02.22.,0
580,[고민상담]저 사주공부하는거 좋아해서 혼자 사주책보고 그러는데요 그럴때마다 오른쪽 날개뼈가아파요,팓팡,2024.02.21.,0
581,[사주질문]정규직 언제쯤 될까요??,녤파탈,2024.02.14.,0
582,[사주질문]사주를 자세히 풀이하여서...,문나짱,2024.02.14.,1
583,[사주질문]사주는 태어난날짜 등본날짜,아오이우오호,2024.02.12.,0
584,[기타질문]목기운 없고 화기운 약하고 수기운 너무많을때,샘물,2024.02.11.,0
585,[사주질문]재다신약? 맞나여?,바비사랑,2024.02.11.,0
586,[사주질문]관인상생&식상생재,염양려화,2024.02.06.,0
587,[무료사주풀이(격국과 용신위주) 방법안내^^],사주매니저,2024.02.06.,14
588,회사를 계속 다녀야할지 고민입니다.,지윤맘V,2024.02.06.,0
589,무식상+무인성은 어떤가요..,쪼꼬미둘,2024.02.03.,0
590,열심히 한다면..사주를 이길수 있을까요?,빛이 나는 날,2024.02.02.,0
591,[사주질문]신왕이랑 근왕이랑 차이점이 뭐에요?,왼왕,2024.01.27.,0
592,[신점질문]점집 쌀,야요bbbsm,2024.01.25.,0
593,[이별상담]궁합이좋은데 이별,Q연재,2024.01.24.,0
594,[사주질문]태어난 시 알 수 있을까요?,마마걸,2024.01.24.,0
595,"[신점질문]신점이래서 갔는데 사주풀이, 타로로 해주는데 이게 맞나요?",멋쟁이토마통,2024.01.24.,0
596,[사주질문]태어난시 모르면 사주볼수없나요?ㅠ,쮸민맘,2024.01.21.,0
597,[신점질문]대학원에 갈지 고민입니다,진실,2024.01.19.,0
598,[기타질문]물꿈 자주꾸시는분 계세요?,굿모닝,2024.01.17.,0
599,[사주질문]무관이면용,우유가좋아,2024.01.16.,0
600,[사주질문]태어난 시를 몰라요~,블링80,2024.01.15.,0
601,[기타질문]사주 vs 신점,토동,2024.01.12.,0
602,※ 무료사주풀이 사이트모음(네이버 오늘의운세 신년운세 등) ※,이벤트담당l,2024.01.04.,30
603,※ 사주팔자/타로/신점 운세상담 시 준비사항 및 질문모음 ※,이벤트l담당,2024.01.03.,18
604,[사주질문]태어난시에 따라 말년이 바뀐다는데 ㅡ저가 몇시에태어났는지 잘모르겠어여,코코링71,2024.01.03.,1
605,구내염으로 오랫동안가신분계신가요?,병아리수준,2023.12.30.,0
606,정화일간분들 요새 어때요??!,iiliillliillliiilll,2023.12.23.,1
607,고신살에 대해 궁금합니다,브라보,2023.12.22.,0
608,만세력 문의,감사감사해요,2023.12.19.,0
609,점봤는데 저보고 옷 많이 사지말라고 하신건 무슨 의미일까요??,구니,2023.12.18.,0
610,사주를 보면,도리도리관,2023.12.18.,0
611,소금,법무사,2023.12.16.,0
612,사주에서 시간의 중요성은?,향이,2023.12.15.,0
613,종교인강한사주는요,병아리수준,2023.12.14.,0
614,신점 방문이랑 전화랑 차이,토동,2023.12.11.,0
615,사주 공부하려면,옥수수구이,2023.12.08.,0
616,작명,초롱이,2023.12.06.,0
617,시험준비중인데 철학관4곳 신점1곳에서 모두 붙는다고하면,사사샤,2023.11.29.,0
618,사주팔짜대로 살아진다면 노력할 필요가 있을까요?,깍꿍짝짜기,2023.11.26.,0
619,너무 걱정되네요 공망있으면 다 무용지물일까요..,진실,2023.11.18.,0
620,여자 외모가 이뻐지는 시기도 있을까용?,도리도리관,2023.11.15.,0
621,궁금해서 그러는데 왜 다들 사주를 무료로 봐달라 그러나요?,리쉬스,2023.11.14.,0
622,태어난 시를 모르면 사주가 부정확하나요?,멋지게 활활,2023.11.11.,0
623,어떤걸 믿으면 될까요?,오어어,2023.11.03.,0
624,자기 사주를 태어난년월일시와 함께 인터넷에 많이올리면 안좋나요?,ㅁ32323,2023.10.27.,0
625,궁합,dngur1016,2023.10.25.,0
626,정말 용하고 용한 점집 어디있을까요..,영지쵱,2023.09.25.,1
627,사주나 타로 배우고 싶은데 시간이 안나네요,서하늘악마도감,2023.09.18.,2
628,사기꾼 가짜 무당 제보를 해도 괜찮을까요?,두부ㄷㅂ,2023.09.05.,0
629,[사주질문]금전운 연예운 사주 어떤가요?,경기ll부자가될놈,2023.09.01.,0
630,시를 몰라도 궁합볼수있나요?,잘살아보세,2023.08.28.,0
631,운세 부탁 드립니다,Jjiocj,2023.08.27.,0
632,사주 올릴때 어디앱에서 캡쳐하시는건가요?,the루나,2023.07.24.,0
633,궁금합니다,돌라이,2023.07.01.,0
634,재건축 지주택 해결 될수 있을까요?,오정윤,2023.07.01.,0
635,층간소음으로 사주같은거 보신분?,시골에서 대박나기,2023.06.22.,0
636,이 분은 누구신가요?,현이v,2023.06.21.,0
637,아이들 사주 관련 궁금한게 있어요ㅠ,따뜻한은하수,2023.06.14.,0
638,사주에 식상이 충인경우 성격이 어떤가요?,아이슬로우 장정화,2023.06.11.,0
639,이름봐주세요,달님,2023.04.05.,0
640,미래는 xxx가 진리입니다.,팔자를벗삼아tv,2023.02.28.,0
641,생일은 네비게이션이고 나의 유일한 친구입니다.,팔자를벗삼아tv,2023.02.14.,0
642,사는것이 힘들고 지친다면 00와 함께 하세요~,팔자를벗삼아tv,2023.02.06.,1
643,역학 그리고 자신과의 대화,팔자를벗삼아tv,2023.02.02.,0
644,내가 모르는 나를 아는 유일한 방법,팔자를벗삼아tv,2023.01.25.,1
645,사주공부 샘플 - 행운님 (곤명 48세),팔자를벗삼아tv,2023.01.18.,1
646,하루만에 끝내는 사주공부 - 사주탓 하지 말자!!,팔자를벗삼아tv,2023.01.17.,0
647,사주는 그냥 연극대본으로 이해를 하시면 좋습니다.,팔자를벗삼아tv,2023.01.05.,1
648,사주초보탈출 어렵지 않습니다.,팔자를벗삼아tv,2022.12.29.,0
649,"사주,신점,타로의 차이?",꼬마푸,2022.12.28.,0
650,2023년 계묘년 일간별(갑을병정무기경신임계) 상세운세,팔자를벗삼아tv,2022.12.21.,0
651,2023년 계묘년 띠별 상세운세,팔자를벗삼아tv,2022.12.18.,0
652,"2023년 계묘년 운세(띠별, 일간별)",팔자를벗삼아tv,2022.12.12.,2
653,문충살,아라한사주카페,2022.12.09.,1
654,[궁합 인연법] - 결혼 궁합 인연법,팔자를벗삼아tv,2022.12.09.,0
655,상식적인 사주공부가 좋습니다.,팔자를벗삼아tv,2022.11.29.,0
656,정말 제가 사주초보탈출 시켜 드립니다 ㅎ,팔자를벗삼아tv,2022.11.25.,1
657,사주공부 안할 이유가 있습니까 ?,팔자를벗삼아tv,2022.11.18.,0
658,외국나가는게 어떤가요?,채채남매,2022.11.16.,0
659,대가 논법,팔자를벗삼아tv,2022.11.16.,0
660,복을 구하지 않는 사주 공부,팔자를벗삼아tv,2022.11.16.,0
661,2023년 국운,아라한사주카페,2022.11.11.,1
662,백호살 안좋은가요?,경기광주ll물불지혜,2022.10.12.,0
663,질문이 있어요.당사주와 명리학,나는 시작이야,2022.09.16.,0
664,출산택일잘하는곳,설이잉,2022.09.02.,0
665,사주에 수기운이랑 토기운이강할때,Yul0624,2022.08.11.,0
666,제발 도와주세요,양얼짱,2022.08.06.,0
667,상념체가 생기면 인위적 해체가 가능한가요,고구려만,2022.08.01.,0
668,사주 년도별로 봐주세용~,원진살,2022.07.25.,0
669,비견공망,아라한사주카페,2022.07.22.,0
670,선생님들의 고견을 듣고자 합니다,노을이뽀,2022.07.13.,0
671,귀신이 핸드폰을 망가뜨릴수도 있나요,흰구름같이,2022.07.10.,0
672,어린 애 어린이집을 보내야하는데...,흰구름같이,2022.07.02.,0
673,현관에 걸어둔 종은 괜찮나요,흰구름같이,2022.07.01.,0
674,갑신일주 홍염,목화,2022.06.29.,0
675,장생지 해수,목화,2022.06.28.,0
676,무식상,목화,2022.06.26.,0
677,"일진 즉, 일운도 중요한가요?",목화,2022.06.14.,0
678,혹시 연속된 숫자 자주 보시는분 계신가요?,일이뉨,2022.06.09.,0
679,인덕은 어떻게 보나요?,목화,2022.06.08.,1
680,비인다녀들 어떤 이성이 꼬이나요?,목화,2022.06.05.,0
681,난강망(궁통보감) 역해 - 봄 목 Part.1,익호,2022.06.02.,0
682,자미두수 용어 알려주세요,목화,2022.05.29.,0
683,선생님들 대장군 이사방향 질문드려요,노을이뽀,2022.05.28.,0
684,불의 기운이 약한 사주,bluepink,2022.05.27.,0
685,"금전운,직장운 봐주시면 정말감사합니다",벼소,2022.04.29.,0
686,전화로,lljuliettell,2022.04.28.,0
687,대운과 세운의 위아래 숫자는 뭘 의미하나요?대운보는법?,하하호호흐,2022.04.24.,1
688,저가 너무 힘들어 플랫폼에서 신점을 봤습니다,고공이,2022.04.14.,0
689,남자사주에 유독 군인경찰하라는 말이 많은 이유가 뭔가요,Eun13,2022.04.01.,0
690,년지 재성이 시간 관성을 생할수 있어요?,데헷,2022.03.29.,0
691,점사비 20만원,보름달달달,2022.03.15.,0
692,이름도 혹시 지어주시나요?,준앤준,2022.02.23.,0
693,어디를 갈까요?ㅠㅠ,민zzi,2022.02.20.,0
694,저는 뭘해야할까요..,지나가는,2022.01.31.,0
695,고양 신년운세 잘보는곳 추천 부탁드립니다.,꼬꼬맘,2022.01.25.,0
696,소개팅을 시켜주면 이성운이나 금전운이 감소하나요?,열매나무,2022.01.20.,0
697,승진운세 질문,꿈을이루자,2022.01.19.,0
698,[미성년자]쌍둥이 사주 부탁 좀 드려도 될까요?,누리마루,2022.01.17.,0
699,히히 저의 올해 운좀 부탁드려용♡,행복한나,2022.01.14.,0
700,꼬여있는 상황이 올해 좀 풀릴지 운세가 궁금합니다,누리마루,2022.01.13.,0
701,제 사주가 용신 잡기 어려운 사주일까요?,양념치킨,2022.01.12.,1
702,요즘 고민이 생겨서 어디 풀고싶어요,수금지화,2022.01.03.,0
703,팔순은 언제인가요?,쭈니12,2022.01.03.,0
704,앞으로 운흐름 어떤가요?,캐리둥이,2021.12.25.,0
705,내년 시험 합격운 있을가요?,캐리둥이,2021.12.24.,0
706,궁금해요,델라79,2021.12.22.,0
707,액땜에 대해 지혜로운 답변 부탁드립니다,사과꽃ㅎ,2021.12.07.,0
708,전화로 보는거는 얼마정도에요?,인스터튼,2021.12.01.,0
709,이분한테 점보신분 있나요?,캐리둥이,2021.11.29.,0
710,사주와 신점,렌짱,2021.11.29.,0
711,재회의 정석,춘풍사나이,2021.11.13.,1
712,목을 잘들이면 관이 살아난다 는 뜻이 뭔가요?,사과꽃ㅎ,2021.11.11.,0
713,사주에 관심이 많은데요,가득한삶,2021.11.04.,0
714,사주를 배우고 싶어요,나라미,2021.11.03.,0
715,사주보러 처음가요!!,쿙쿙zyd,2021.10.04.,0
716,모태솔로로 살 사주인가요?,라디오엑티브,2021.09.05.,0
717,부적 이름이 어떤거에요?,서하늘악마도감,2021.08.13.,1
718,전화를 통한 취업운세,대박수지수진,2021.05.28.,0
719,올해 운세를 알고 싶어요,고구려만,2021.03.26.,1
720,제 사주에 신끼가 있나요,고구려만,2021.03.08.,0
721,나의 천생연분,익호,2021.03.05.,0
722,현명한 답변 부탁드립니다,과자,2021.01.27.,0
723,답답합니다,대표이사,2020.11.13.,0
724,이직 고민중입니다.,언니구나,2020.11.02.,0
725,내년에 진급할수잇을까요,지유공주,2020.10.15.,0
726,"제 사주입니다. 첨 올려보는 건데 경제문제, 여자문제, 가족등 모두 되는게 없네요.",백기투항,2020.10.13.,0
727,이직 합격운 ( feat. 상관격 ),태양을품은계수,2020.08.31.,1
728,이사운이 있는지 궁금합니다,윙깅이 꽃길만 걷자,2020.08.30.,0
729,사주풀이부탁드립니다,안뇽하세용,2020.08.22.,0
730,가상관격에게 식신운은,안녕하세,2020.08.22.,0
731,머릿속에 생각이 많이 힘듭니다..사주가 어떤가요?ㅜ,Lucy1,2020.08.22.,0
732,막막해요..직업운.이성운좀봐주세요 ♡,소지닝,2020.08.19.,0
733,같은 오행이어도 천간에 있을때 지지에 있을때 임상이 다른 이유가 뭔가요,좋은날만들어가기,2020.08.19.,0
734,진로때문에 걱정입니다 부탁드려요,으캬,2020.08.18.,0
735,진로 고민..,Sunny89,2020.08.12.,0
736,월령님 꼭! 사업운 재물운 부탁드립니다.,비오는거리,2020.08.12.,0
737,"월령님,동생 사주팔자 좀 봐주세요",실버즈,2020.08.11.,0
738,사주풀이 부탁드립니다,크롱 김로빈,2020.08.10.,0
739,사업운 금전운 사주풀이 부탁드립니다,크롱 김로빈,2020.08.09.,0
740,제 사주 어떤가요?,hyelim7291,2020.08.08.,0
741,제사주좀 부탁드립니다,카랑카랑,2020.08.07.,0
742,일주궁합 궁금해용ㅋㅋ,뽀리콩,2020.08.07.,0
743,사주부탁드려요~~~ ^^(결혼운.배우자운.이성관및 자식운등),숑,2020.08.05.,0
744,갑진일주인데 을묘대운맞으면,1234h6,2020.08.05.,0
745,사주좀 부탁드려요~~~~,이혼합의중,2020.08.04.,0
746,월령님 부탁드려요!,AdmiJ,2020.08.03.,0
747,풀이 부탁드립니다.,개금,2020.08.01.,0
748,사주 궁금합니다,민하,2020.08.01.,0
749,현재 재판중인 이 사주 봐주세요,DEA,2020.07.31.,0
750,월령님 제 진로 좀 봐주세요,실버즈,2020.07.29.,0
751,사주운세부탁드립니다.,아잉s2,2020.07.28.,0
752,사업운좀 부탁드립니다.,머리왕자,2020.07.22.,0
753,월령님 풀이 부탁드려요,은행원,2020.07.22.,0
754,취업 올해 가능할까요? 공기업 준비중인 25살 취준생 입니다 ㅠㅠ,주디제니,2020.07.22.,0
755,직업추천과 이사관련 부탁드립니다,캡틴제라드옹,2020.07.21.,0
756,사주풀이 부탁드립니다,토리어멈,2020.07.20.,0
757,"월령님, 사주팔자 해석 부탁드립니다.",레넌,2020.07.20.,0
758,월령님...염치 무릎쓰고 월령님께 문의의 글을 올립니다.,샤이가이,2020.07.20.,1
759,저희 딸아이 내년 대학 전공 선택 봐주세요,십년째 중국 쑤저우댁,2020.07.19.,0
760,사주팔자 해석 제발 부탁드립니다!!!!,레넌,2020.07.19.,0
761,태웅님께 사주 부탁드립니다 🥺 🙏🏻,수댕이,2020.07.18.,2
762,제발 사주팔자 해석이랑 진로와 재운 좀 봐주세요.선생님들~~,레넌,2020.07.18.,3
763,코로나로 인한 갑작스런 인사발령~,행복한나,2020.07.18.,0
764,"헉헉, 부장님! 곧 도착합니다. 죄송 T_T",허주명리학,2020.07.17.,6
765,제사주 용신과 신강신약이 볼때마다 갈려요..어렵네요,무토무토해,2020.07.16.,1
766,태웅님 사주풀이 부탁드립니다.,꿀꿀이맘,2020.07.14.,1
767,"사주 내 합의 작용, 지장간의 작용 궁금합니다.",쪽파가파릇파릇,2020.07.12.,1
768,비겁과다 건록 파격,쪽파가파릇파릇,2020.07.11.,0
769,남편이랑 제사주가 궁금해요~,꿀꿀이맘,2020.07.10.,0
770,제 사주가 궁금해서요,초코송히,2020.07.08.,0
771,태웅님 꼭좀 부탁드립니다,susung50,2020.07.07.,1
772,귀인이 많이 있는데,루루루루,2020.07.07.,0
773,박복한 사주인가요?,쪽파가파릇파릇,2020.07.07.,0
774,사주 궁합좀봐주세요,박슈팅,2020.07.06.,0
775,이사주에도화살이있나요?,박슈팅,2020.07.06.,0
776,진짜 100여군데 본것 같은데 완전 반반이에요,마담수,2020.07.05.,0
777,부모님 아픈손가락.. 동생사주 한번 봐주시겠어요..ㅠ,바나나킥84,2020.07.04.,1
778,윤태웅님 이사주 봐주시겠어요?,행운만,2020.07.04.,1
779,26세 여자입니다. 봐주시면 감사하겠습니다^^,gdfggsfrg,2020.07.04.,0
780,사주에 금과 토가 많으면,iiilllliili,2020.07.04.,0
781,도박이 안 끊겨요.,부자파더,2020.06.30.,0
782,27세 여자 사주풀이 부탁드립니다,가을의하늘,2020.06.29.,0
783,사업을 시작하면 안될까요? ㅠ 뭐라도 좀 하고 싶어요,달달이단밤,2020.06.29.,1
784,사주상 몇가지 확인 부탁드려보겠습니다,화첨,2020.06.28.,0
785,사주 한번만 봐주세요,교튜브,2020.06.27.,1
786,23살여자사주좀바주세요,지윤이와봄이,2020.06.24.,0
787,어떻게 살아가야하나요?,사주대로,2020.06.24.,0
788,직장운 해외운,고고고고용용용,2020.06.23.,1
789,사주 좀 부탁드려요.,포에버영,2020.06.22.,1
790,제 사주가 궁금해요,솜쁘콩,2020.06.20.,0
791,저희 엄마 사주풀이 부탁드립니다,시우님,2020.06.20.,1
792,좋아지는 시기가 있겠죠~ㅜㅜ,우희우,2020.06.19.,1
793,제 사주좀 봐주세요 ㅠ,릴릴리,2020.06.19.,0
794,이별수가 들엇을까요??,이사도라찡,2020.06.18.,1
795,무료사주에 보니깐 단 사주에 인이나 신이 있으면 이 무슨말인가요..?,사주알고싶어요,2020.06.18.,1
796,제 사주 좀 봐주세요^^,yingderella,2020.06.16.,0
797,사주한번 봐주세요,강영현,2020.06.16.,1
798,어려운 사주에요?..풀이좀해주세요...,으니이,2020.06.14.,1
799,사주풀이 부탁합니당~,gumiho9496,2020.06.12.,0
800,22살인데 앞으로의 운이 궁급합니다ㅠ,anwaw,2020.06.11.,1
801,선생님들 사주좀봐주세요ㅠㅠ,종따리,2020.06.10.,1
802,부적,진해댁이,2020.06.05.,0
803,120 년,빨간불,2020.06.02.,0
804,이 사주는 정인격 용신 정관 맞나요,잇샤,2020.05.31.,1
805,삼제 지났는데 조용한 날이없네요,안단테386,2020.05.26.,0
806,이 사주 상관격 맞나요,잇샤,2020.05.26.,1
807,개명..,꽃길만가즈아,2020.04.26.,0
808,4월에 좋은소식(취업) 된다고 기다리고 있는데.....연락이 없네요,삼천궁녀,2020.04.16.,0
809,정인대운,숱띵이,2020.03.29.,0
810,신점과 사주의차이점,힣히헿헤,2020.03.27.,0
811,정인으로 사는덕,힣히헿헤,2020.03.27.,0
812,사주를 간명 한 다는 것은?,굿앤굿 운명의 바코드,2020.03.27.,1
813,수사 복단일이 뭐예요?,미야새싹,2020.03.03.,0
814,날에 흉신 부분에 수사가 있으면 뭐예요?,미야새싹,2020.03.03.,0
815,꼭 좋은 날짜에 결혼해야 하나요?,미야새싹,2020.02.28.,0
